,dense value,accuracy,duration,X_train columns,Y_train columns
500,500,0.9349845051765442,10.925832509994507,"[1, 2, 3, 4, 5, 6, 7, 8, 9, 10, 11]",[13]
