,dense value,accuracy,duration,X_train columns,Y_train columns
500,500,0.9411764740943909,11.785140752792358,"[0, 1, 2, 3, 4, 5, 6, 7, 8, 9, 10, 11]",[13]
