,dense value,accuracy,duration,X_train columns,Y_train columns
500,500,0.925696611404419,10.541669845581055,"[1, 2, 3, 4, 5, 6, 7, 8, 9, 10, 11]",[13]
750,750,0.925696611404419,12.099100112915039,"[1, 2, 3, 4, 5, 6, 7, 8, 9, 10, 11]",[13]
1000,1000,0.925696611404419,12.85345721244812,"[1, 2, 3, 4, 5, 6, 7, 8, 9, 10, 11]",[13]
1250,1250,0.9241486191749573,12.994271755218506,"[1, 2, 3, 4, 5, 6, 7, 8, 9, 10, 11]",[13]
1500,1500,0.925696611404419,13.44167685508728,"[1, 2, 3, 4, 5, 6, 7, 8, 9, 10, 11]",[13]
1750,1750,0.925696611404419,18.658111095428467,"[1, 2, 3, 4, 5, 6, 7, 8, 9, 10, 11]",[13]
2000,2000,0.925696611404419,15.574948072433472,"[1, 2, 3, 4, 5, 6, 7, 8, 9, 10, 11]",[13]
