,dense value,accuracy,duration,X_train columns,Y_train columns
500,500,0.49845200777053833,11.28565764427185,"[1, 2, 3, 4, 5, 6, 7, 8, 9, 10, 11]",[12]
750,750,0.5015479922294617,11.557826519012451,"[1, 2, 3, 4, 5, 6, 7, 8, 9, 10, 11]",[12]
1000,1000,0.4736842215061188,13.383656978607178,"[1, 2, 3, 4, 5, 6, 7, 8, 9, 10, 11]",[12]
1250,1250,0.4767801761627197,13.591853380203247,"[1, 2, 3, 4, 5, 6, 7, 8, 9, 10, 11]",[12]
1500,1500,0.5154798626899719,12.536499977111816,"[1, 2, 3, 4, 5, 6, 7, 8, 9, 10, 11]",[12]
1750,1750,0.50928795337677,12.58364725112915,"[1, 2, 3, 4, 5, 6, 7, 8, 9, 10, 11]",[12]
2000,2000,0.49845200777053833,13.668055295944214,"[1, 2, 3, 4, 5, 6, 7, 8, 9, 10, 11]",[12]
