,dense value,accuracy,duration,X_train columns,Y_train columns
500,500,0.4839857518672943,12.361316204071045,"[0, 1, 2]",[3]
1000,1000,0.4791892170906067,12.919330835342407,"[0, 1, 2]",[3]
