,dense value,accuracy,duration,X_train columns,Y_train columns
500,500,0.9319201707839966,12.007312297821045,"[0, 1, 2]",[3]
1000,1000,0.9317654371261597,13.032894611358643,"[0, 1, 2]",[3]
