,dense value,accuracy,duration,X_train columns,Y_train columns
500,500,0.9814241528511047,10.675313234329224,"[1, 2, 3, 4, 5, 6, 7, 8, 9, 10, 11]",[0]
750,750,0.9798761606216431,11.633452892303467,"[1, 2, 3, 4, 5, 6, 7, 8, 9, 10, 11]",[0]
1000,1000,0.9798761606216431,11.6522696018219,"[1, 2, 3, 4, 5, 6, 7, 8, 9, 10, 11]",[0]
1250,1250,0.9798761606216431,12.646516561508179,"[1, 2, 3, 4, 5, 6, 7, 8, 9, 10, 11]",[0]
1500,1500,0.9798761606216431,13.808504819869995,"[1, 2, 3, 4, 5, 6, 7, 8, 9, 10, 11]",[0]
1750,1750,0.9829721450805664,14.393871784210205,"[1, 2, 3, 4, 5, 6, 7, 8, 9, 10, 11]",[0]
2000,2000,0.9798761606216431,14.489415645599365,"[1, 2, 3, 4, 5, 6, 7, 8, 9, 10, 11]",[0]
