,dense value,accuracy,duration,X_train columns,Y_train columns
500,500,0.9866935014724731,11.646779775619507,"[0, 1, 2]",[3]
1000,1000,0.9863840341567993,13.214882373809814,"[0, 1, 2]",[3]
